<ImportExportXml xmlns:xsi="http://www.w3.org/2001/XMLSchema-instance">
  <Entities></Entities>
  <Roles></Roles>
  <Workflows>
    <Workflow WorkflowId="{5c80ad95-4c29-4149-b70d-1dc260d52d01}" Name="Time Entry Validation">
      <XamlFileName>/Workflows/TimeEntryValidation-5C80AD95-4C29-4149-B70D-1DC260D52D01.xaml</XamlFileName>
      <Type>1</Type>
      <Subprocess>0</Subprocess>
      <Category>0</Category>
      <Mode>1</Mode>
      <Scope>4</Scope>
      <OnDemand>0</OnDemand>
      <TriggerOnUpdateAttributeList>msdyn_duration</TriggerOnUpdateAttributeList>
      <TriggerOnCreate>1</TriggerOnCreate>
      <TriggerOnDelete>0</TriggerOnDelete>
      <AsyncAutodelete>0</AsyncAutodelete>
      <SyncWorkflowLogOnFailure>1</SyncWorkflowLogOnFailure>
      <StateCode>1</StateCode>
      <StatusCode>2</StatusCode>
      <CreateStage>40</CreateStage>
      <UpdateStage>40</UpdateStage>
      <RunAs>1</RunAs>
      <IsTransacted>1</IsTransacted>
      <IntroducedVersion>1.0.0.0</IntroducedVersion>
      <IsCustomizable>1</IsCustomizable>
      <PrimaryEntity>msdyn_timeentry</PrimaryEntity>
    </Workflow>
  </Workflows>
  <FieldSecurityProfiles></FieldSecurityProfiles>
  <Templates />
  <EntityMaps />
  <EntityRelationships />
  <OrganizationSettings />
  <optionsets />
  <SolutionPluginAssemblies>
    <PluginAssembly FullName="PsaUtils, Version=1.0.0.0, Culture=neutral, PublicKeyToken=2f5523ad949785a4" CustomizationLevel="1">
      <IsolationMode>2</IsolationMode>
      <SourceType>0</SourceType>
      <IntroducedVersion>1.0</IntroducedVersion>
      <FileName>/PluginAssemblies/PsaUtils-92AF1534-4318-4CD0-B9AB-111043DA851E/PsaUtils.dll</FileName>
      <PluginTypes>
        <PluginType AssemblyQualifiedName="PsaUtils.ValidateTimeEntry, PsaUtils, Version=1.0.0.0, Culture=neutral, PublicKeyToken=2f5523ad949785a4" Name="PsaUtils.ValidateTimeEntry">
          <FriendlyName>a9c55446-91bf-49da-b38b-c5bea6c6459f</FriendlyName>
          <WorkflowActivityGroupName>PsaUtils (1.0.0.0)</WorkflowActivityGroupName>
        </PluginType>
      </PluginTypes>
    </PluginAssembly>
  </SolutionPluginAssemblies>
  <Languages>
    <Language>1033</Language>
  </Languages>
</ImportExportXml>