<ImportExportXml version="8.2.0001.0176" SolutionPackageVersion="8.2" languagecode="1033" generatedBy="CrmLive" xmlns:xsi="http://www.w3.org/2001/XMLSchema-instance">
  <SolutionManifest>
    <UniqueName>PSAUtils</UniqueName>
    <LocalizedNames>
      <LocalizedName description="PSA Utils" languagecode="1033" />
    </LocalizedNames>
    <Descriptions>
      <Description description="Demo of PSAUtils validation time entry" languagecode="1033" />
    </Descriptions>
    <Version>1.0.0.0</Version>
    <Managed>0</Managed>
    <Publisher>
      <UniqueName>joegill</UniqueName>
      <LocalizedNames>
        <LocalizedName description="Joe Gill" languagecode="1033" />
      </LocalizedNames>
      <Descriptions />
      <EMailAddress xsi:nil="true"></EMailAddress>
      <SupportingWebsiteUrl xsi:nil="true"></SupportingWebsiteUrl>
      <CustomizationPrefix>jg</CustomizationPrefix>
      <CustomizationOptionValuePrefix>14025</CustomizationOptionValuePrefix>
      <Addresses>
        <Address>
          <AddressNumber>1</AddressNumber>
          <AddressTypeCode>1</AddressTypeCode>
          <City xsi:nil="true"></City>
          <County xsi:nil="true"></County>
          <Country xsi:nil="true"></Country>
          <Fax xsi:nil="true"></Fax>
          <FreightTermsCode xsi:nil="true"></FreightTermsCode>
          <ImportSequenceNumber xsi:nil="true"></ImportSequenceNumber>
          <Latitude xsi:nil="true"></Latitude>
          <Line1 xsi:nil="true"></Line1>
          <Line2 xsi:nil="true"></Line2>
          <Line3 xsi:nil="true"></Line3>
          <Longitude xsi:nil="true"></Longitude>
          <Name xsi:nil="true"></Name>
          <PostalCode xsi:nil="true"></PostalCode>
          <PostOfficeBox xsi:nil="true"></PostOfficeBox>
          <PrimaryContactName xsi:nil="true"></PrimaryContactName>
          <ShippingMethodCode>1</ShippingMethodCode>
          <StateOrProvince xsi:nil="true"></StateOrProvince>
          <Telephone1 xsi:nil="true"></Telephone1>
          <Telephone2 xsi:nil="true"></Telephone2>
          <Telephone3 xsi:nil="true"></Telephone3>
          <TimeZoneRuleVersionNumber xsi:nil="true"></TimeZoneRuleVersionNumber>
          <UPSZone xsi:nil="true"></UPSZone>
          <UTCOffset xsi:nil="true"></UTCOffset>
          <UTCConversionTimeZoneCode xsi:nil="true"></UTCConversionTimeZoneCode>
        </Address>
        <Address>
          <AddressNumber>2</AddressNumber>
          <AddressTypeCode>1</AddressTypeCode>
          <City xsi:nil="true"></City>
          <County xsi:nil="true"></County>
          <Country xsi:nil="true"></Country>
          <Fax xsi:nil="true"></Fax>
          <FreightTermsCode xsi:nil="true"></FreightTermsCode>
          <ImportSequenceNumber xsi:nil="true"></ImportSequenceNumber>
          <Latitude xsi:nil="true"></Latitude>
          <Line1 xsi:nil="true"></Line1>
          <Line2 xsi:nil="true"></Line2>
          <Line3 xsi:nil="true"></Line3>
          <Longitude xsi:nil="true"></Longitude>
          <Name xsi:nil="true"></Name>
          <PostalCode xsi:nil="true"></PostalCode>
          <PostOfficeBox xsi:nil="true"></PostOfficeBox>
          <PrimaryContactName xsi:nil="true"></PrimaryContactName>
          <ShippingMethodCode>1</ShippingMethodCode>
          <StateOrProvince xsi:nil="true"></StateOrProvince>
          <Telephone1 xsi:nil="true"></Telephone1>
          <Telephone2 xsi:nil="true"></Telephone2>
          <Telephone3 xsi:nil="true"></Telephone3>
          <TimeZoneRuleVersionNumber xsi:nil="true"></TimeZoneRuleVersionNumber>
          <UPSZone xsi:nil="true"></UPSZone>
          <UTCOffset xsi:nil="true"></UTCOffset>
          <UTCConversionTimeZoneCode xsi:nil="true"></UTCConversionTimeZoneCode>
        </Address>
      </Addresses>
    </Publisher>
    <RootComponents>
      <RootComponent type="29" id="{5c80ad95-4c29-4149-b70d-1dc260d52d01}" behavior="0" />
      <RootComponent type="91" schemaName="PsaUtils, Version=1.0.0.0, Culture=neutral, PublicKeyToken=2f5523ad949785a4" behavior="0" />
    </RootComponents>
    <MissingDependencies>
      <MissingDependency>
        <Required key="0" type="1" schemaName="msdyn_timeentry" displayName="Time Entry" solution="ProjectService (1.1.0.62)" />
        <Dependent key="1" type="29" displayName="Time Entry Validation" id="{5c80ad95-4c29-4149-b70d-1dc260d52d01}" />
      </MissingDependency>
      <MissingDependency>
        <Required key="2" type="2" schemaName="msdyn_bookableresource" displayName="Bookable Resource" parentSchemaName="msdyn_timeentry" parentDisplayName="Time Entry" solution="ProjectService (1.1.0.62)" />
        <Dependent key="1" type="29" displayName="Time Entry Validation" id="{5c80ad95-4c29-4149-b70d-1dc260d52d01}" />
      </MissingDependency>
      <MissingDependency>
        <Required key="3" type="2" schemaName="msdyn_description" displayName="Internal Comments" parentSchemaName="msdyn_timeentry" parentDisplayName="Time Entry" solution="ProjectService (1.1.0.62)" />
        <Dependent key="1" type="29" displayName="Time Entry Validation" id="{5c80ad95-4c29-4149-b70d-1dc260d52d01}" />
      </MissingDependency>
      <MissingDependency>
        <Required key="4" type="2" schemaName="msdyn_duration" displayName="Duration" parentSchemaName="msdyn_timeentry" parentDisplayName="Time Entry" solution="ProjectService (1.1.0.62)" />
        <Dependent key="1" type="29" displayName="Time Entry Validation" id="{5c80ad95-4c29-4149-b70d-1dc260d52d01}" />
      </MissingDependency>
      <MissingDependency>
        <Required key="5" type="2" schemaName="msdyn_date" displayName="Date" parentSchemaName="msdyn_timeentry" parentDisplayName="Time Entry" solution="ProjectService (1.1.0.62)" />
        <Dependent key="1" type="29" displayName="Time Entry Validation" id="{5c80ad95-4c29-4149-b70d-1dc260d52d01}" />
      </MissingDependency>
      <MissingDependency>
        <Required key="6" type="2" schemaName="msdyn_timeentryid" displayName="Time Entry" parentSchemaName="msdyn_timeentry" parentDisplayName="Time Entry" solution="ProjectService (1.1.0.62)" />
        <Dependent key="1" type="29" displayName="Time Entry Validation" id="{5c80ad95-4c29-4149-b70d-1dc260d52d01}" />
      </MissingDependency>
    </MissingDependencies>
  </SolutionManifest>
</ImportExportXml>